review_bucket,image_path,thumbnail,compound_reasons,caption_text,width,height,is_compound,notes
aspect_only,images/relevant/04383-8869991__cancers-14-00987-g006.jpg,aspect_only__04383-8869991__cancers-14-00987-g006.jpg,wide_aspect_3.86,A 28 year old woman with high-grade serous carcinoma. None of the CNNs or the three radiologists could diagnose malignant tumors on the T2WI and the ADC map (CNN confidence value: malignant = 0.0% on,768,199,1,
aspect_only,images/relevant/10246-13048165__ca9-83-288-g006.jpg,aspect_only__10246-13048165__ca9-83-288-g006.jpg,wide_aspect_2.48,"A, Ultrasound before operation and moderate hydronephrosis. B, Ultrasound follow-up 6 months after operation, total resolution of hydronephrosis without double-J stenting.",800,323,1,
aspect_only,images/relevant/05429-10251706__jmc-14-169-g001.jpg,aspect_only__05429-10251706__jmc-14-169-g001.jpg,wide_aspect_3.25,Coronal images showing duodenal intussusception and the migrating percutaneous gastrostomy tube (arrows).,708,218,1,
aspect_only,images/relevant/02924-6159147__bjrcr.20170056.g004.jpg,aspect_only__02924-6159147__bjrcr.20170056.g004.jpg,wide_aspect_2.66,MRI September 2016. Consecutive slice pre-gadolinium T1 FATSAT through the liver demonstrates high signal rim around the high T2 SPAIR signal lesions.,767,288,1,
aspect_only,images/relevant/03168-6375059__13244_2019_696_Fig15_HTML.jpg,aspect_only__03168-6375059__13244_2019_696_Fig15_HTML.jpg,wide_aspect_3.08,"FIGO IB2 cervical cancer, with post-biopsy cervical edema. Biopsy was performed 2 days before MRI. a Axial oblique T2WI shows cervical cancer with apparent parametrial invasion (arrows). b DWI (b = 10",709,230,1,
aspect_only,images/relevant/04877-9594919__12885_2022_10167_Fig1_HTML.jpg,aspect_only__04877-9594919__12885_2022_10167_Fig1_HTML.jpg,wide_aspect_1.85,"Pathological features of ovarian strumal carcinoid synchronous adenocarcinoma (yellow star, struma ovarii; red star, carcinoid component; blue star, adenocarcinoma component; case 17, HE staining, 200",708,382,0,
aspect_only,images/relevant/09166-12527559__TurkPatolojiDerg-41-13496-g004.jpg,aspect_only__09166-12527559__TurkPatolojiDerg-41-13496-g004.jpg,wide_aspect_1.87,Tumor cells positive for HER2 (Score 3+).,682,364,0,
aspect_only,images/relevant/02540-5865407__amjcaserep-19-284-g002.jpg,aspect_only__02540-5865407__amjcaserep-19-284-g002.jpg,wide_aspect_2.08,Photomicrograph of the immunohistochemical staining of metastatic carcinoid tumor of the ovary shows positive staining for synaptophysin. High power light microscopy of a tissue section of metastatic,623,300,0,
aspect_only,images/relevant/03957-7925504__12282_2020_1203_Fig1_HTML.jpg,aspect_only__03957-7925504__12282_2020_1203_Fig1_HTML.jpg,wide_aspect_1.96,"A case with no malignant findings on mammography. a Mammography: the breast composition is extremely dense, SMC 1. b Ultrasound: irregular, not parallel, hypoechoic mass, SUC 4. The overall assessment",708,361,1,
aspect_only,images/relevant/06854-11172746__jcm-13-03107-g002.jpg,aspect_only__06854-11172746__jcm-13-03107-g002.jpg,wide_aspect_2.74,Frequent LUS findings in various respiratory conditions of the newborn (adapted from [21]).,770,281,1,
aspect_only,images/relevant/03773-7433065__12957_2020_1971_Fig4_HTML.jpg,aspect_only__03773-7433065__12957_2020_1971_Fig4_HTML.jpg,wide_aspect_3.14,Computed axial tomography with evidence of metastasis (white arrow),709,226,1,
aspect_only,images/relevant/02385-5704806__medi-96-e8552-g003.jpg,aspect_only__02385-5704806__medi-96-e8552-g003.jpg,wide_aspect_2.68,"P53 was positively expressed in the stroma of malignant phyllodes tumors of younger sister (A, 200 × magnification) and negative for borderline phyllodes tumors of elder sister (B, 200 × magnification",800,298,1,
aspect_only,images/relevant/03590-7170574__rb-53-02-0095-g01.jpg,aspect_only__03590-7170574__rb-53-02-0095-g01.jpg,wide_aspect_2.00,"A: Pre-NAC contrast-enhanced sagittal DCE-MRI sequence showing a nodule with a mildly irregular form and ill-defined margins, with heterogeneous internal enhancement (invasive ductal carcinoma proven ",771,386,1,
aspect_only,images/relevant/03161-6375059__13244_2019_696_Fig6_HTML.jpg,aspect_only__03161-6375059__13244_2019_696_Fig6_HTML.jpg,wide_aspect_3.28,Endometrial cancer with endometrial cavity distension. a Axial oblique T2WI. b DCE and parametric map. Disruption of the endometrial–myometrial zone (arrows) indicates myometrial invasion,709,216,1,
aspect_only,images/relevant/04422-8915058__sensors-22-01868-g017.jpg,aspect_only__04422-8915058__sensors-22-01868-g017.jpg,wide_aspect_2.08,"The output of our proposed post-processing step. The row shows output of Kmeans cluster 2, 4, 6 and 8.",727,349,1,
aspect_only,images/relevant/04199-8512626__gr2.jpg,aspect_only__04199-8512626__gr2.jpg,wide_aspect_2.01,"Pulmonary perfusion-ventilation scintigraphy.Pulmonary ventilation scintigraphy (81mKr) showed no abnormalities, whereas pulmonary perfusion scintigraphy (99mTc-MAA) showed multiple small wedge-shaped",688,342,1,
aspect_only,images/relevant/07513-11537575__medi-103-e37260-g004.jpg,aspect_only__07513-11537575__medi-103-e37260-g004.jpg,wide_aspect_2.85,"Postoperative pathology, consistent with a borderline lobular tumor.",800,281,1,
aspect_only,images/relevant/02960-6172480__gr16.jpg,aspect_only__02960-6172480__gr16.jpg,wide_aspect_3.35,"An example of OA/US images of breast carcinoma in situ. Optoacoustic functional images demonstrate radially oriented vessels extending in to the peripheral zone, upgrading BIRADS 3 to BIRADS 5. Biopsy",714,213,1,
aspect_only,images/relevant/07665-11625450__cureus-0016-00000073284-i01.jpg,aspect_only__07665-11625450__cureus-0016-00000073284-i01.jpg,wide_aspect_2.20,"Ultrasound showing Liver With Dilated Biliary DuctsThis part of the ultrasound shows a transverse section of the liver and biliary tree. The dilated bile ducts can be visualized, which is suggestive o",750,341,1,
aspect_only,images/relevant/01350-4429498__13256_2014_3152_Fig2_HTML.jpg,aspect_only__01350-4429498__13256_2014_3152_Fig2_HTML.jpg,wide_aspect_3.28,Tumor response after NKTR-102 discontinuation. A: Partial response at the 12th cycle of pegylated irinotecan NKTR-102. B: Abdominal computed tomography scan four months after the last course of pegyla,600,183,1,
aspect_only,images/relevant/08119-11930741__gr1.jpg,aspect_only__08119-11930741__gr1.jpg,wide_aspect_2.66,Thickening facial hair and clitoromegaly found on physical examination.,800,301,1,
aspect_only,images/relevant/05892-10641945__12905_2023_2722_Fig1_HTML.jpg,aspect_only__05892-10641945__12905_2023_2722_Fig1_HTML.jpg,wide_aspect_1.90,"Small cell carcinoma (SCC), CD56 (+),Immunohistochemistry(IHC)200×",669,352,0,
aspect_only,images/relevant/08060-11903047__crg-2025-0019-0001-543564_F01.jpg,aspect_only__08060-11903047__crg-2025-0019-0001-543564_F01.jpg,wide_aspect_1.98,a The tumor with accumulated FDG (SUVmax = 5.49) was detected in the middle thoracic esophagus. b The tumor was confirmed as a low-absorption area on contrast-enhanced computed tomography. c The tumor,779,394,1,
aspect_only,images/relevant/08458-12090436__13256_2025_5301_Fig5_HTML.jpg,aspect_only__08458-12090436__13256_2025_5301_Fig5_HTML.jpg,wide_aspect_2.25,"This figure shows irregular endometrial-like glandular structures and stroma embedded within fibrous tissue, characteristic of endometriosis. Hemosiderin-laden macrophages are present",1593,707,0,
aspect_only,images/relevant/09835-12830431__261_2025_5058_Fig4_HTML.jpg,aspect_only__09835-12830431__261_2025_5058_Fig4_HTML.jpg,wide_aspect_2.64,"Stage IB grade 2 endometrioid carcinoma, no LVSI in a 60-year-old woman. A Sagittal T2-weighted fast spin-echo (FSE) image (TR/TE: 4500/100 ms; slice thickness: 3 mm) and B axial oblique T2-weighted f",685,259,1,
aspect_only,images/relevant/01787-4946133__12957_2016_943_Fig2_HTML.jpg,aspect_only__01787-4946133__12957_2016_943_Fig2_HTML.jpg,wide_aspect_2.81,Liver magnetic resonance image (MRI) after the patient have continued irregular fever for 1 month,567,202,1,
aspect_only,images/relevant/07567-11568866__cureus-0016-00000071688-i05.jpg,aspect_only__07567-11568866__cureus-0016-00000071688-i05.jpg,wide_aspect_2.29,Ultrasound 25 days post-delivery involuted the uterus and decreased the size of the fibroid to 7.6 cm,750,328,1,
aspect_only,images/relevant/08459-12090436__13256_2025_5301_Fig6_HTML.jpg,aspect_only__08459-12090436__13256_2025_5301_Fig6_HTML.jpg,wide_aspect_2.25,"This figure shows irregular endometrial-like glandular structures and stroma embedded within fibrous tissue, characteristic of endometriosis. Hemosiderin-laden macrophages are present",1593,707,0,
aspect_only,images/relevant/06591-11040999__13256_2024_4476_Fig3_HTML.jpg,aspect_only__06591-11040999__13256_2024_4476_Fig3_HTML.jpg,wide_aspect_2.95,A Sex cord-stromal tumors with annular tubules characterized by annular tubular complexes filled with dense hyaline material. Tumor cells presented eosinophilic to pale cytoplasm with a round nuclei (,1592,540,1,
aspect_only,images/relevant/05862-10618130__40792_2023_1770_Fig5_HTML.jpg,aspect_only__05862-10618130__40792_2023_1770_Fig5_HTML.jpg,wide_aspect_3.02,Histological findings of the biopsy specimen of the breast. Histological findings of the biopsy specimen are shown. A Hematoxylin and eosin staining revealed a marked lymphocyte infiltration surroundi,784,260,1,
aspect_only,images/relevant/05681-10509101__40792_2023_1753_Fig4_HTML.jpg,aspect_only__05681-10509101__40792_2023_1753_Fig4_HTML.jpg,wide_aspect_2.68,CT and PET/CT findings of case 2. a CT image shows small low-density lesions. b PET/CT shows high 18F-fluorodeoxyglucose uptake at the site of the mass (maximum standardized uptake value: 7.07–8.51) i,797,297,1,
aspect_only,images/relevant/09836-12830431__261_2025_5058_Fig5_HTML.jpg,aspect_only__09836-12830431__261_2025_5058_Fig5_HTML.jpg,wide_aspect_2.06,"Stage IC carcinosarcoma, no LVSI in a 67-year-old woman. A Sagittal T2-weighted fast spin-echo (FSE) image (TR/TE: 4500/100 ms; slice thickness: 3 mm) and B Sagittal contrast-enhanced 3D T1-weighted f",685,332,1,
aspect_only,images/relevant/08473-12100755__CCR3-13-e70528-g002.jpg,aspect_only__08473-12100755__CCR3-13-e70528-g002.jpg,wide_aspect_1.81,"Abdominal CT scan (coronal view) with contrast revealed a large cystic mass with solid component and thick calcified walls. The mass is of unclear origin, displacing abdominal viscera. It measured 27 ",709,392,1,
aspect_only,images/relevant/09167-12527823__rjaf803f1.jpg,aspect_only__09167-12527823__rjaf803f1.jpg,wide_aspect_2.62,"Uterine inversion with submucosal leiomyoma on the corpus. The mass was found to be eroded and covered with slough. A point-like structure was identified at the apex of the mass, suspected of being th",800,305,1,
aspect_only,images/relevant/07618-11600737__13256_2024_4805_Fig3_HTML.jpg,aspect_only__07618-11600737__13256_2024_4805_Fig3_HTML.jpg,wide_aspect_2.58,Normal fetus and molar pregnancy in different amniotic sacs,1770,686,1,
aspect_only,images/relevant/03058-6250559__medi-97-e12946-g001.jpg,aspect_only__03058-6250559__medi-97-e12946-g001.jpg,wide_aspect_2.95,"A, Ultrasonography identified a 3.3 cm hypoechoic, irregular lesion. B, Doppler image.",800,271,1,
aspect_only,images/relevant/01829-4996928__gr1.jpg,aspect_only__01829-4996928__gr1.jpg,tall_aspect_0.46,"Mammogram: Mammogram (craniocaudal) showing an under-skin marker at the site of palpable abnormality. There is an ill-defined soft-tissue asymmetry, which blends with the rest of the breast tissue.",664,1444,0,
aspect_only,images/relevant/08443-12087059__13256_2025_5296_Fig4_HTML.jpg,aspect_only__08443-12087059__13256_2025_5296_Fig4_HTML.jpg,wide_aspect_2.45,Estimation of the breast cancer lesion using subcutaneous mammary veins as the benchmark (partial mastectomy). a The positional relationship between the breast cancer lesion in the contrast-enhanced c,1592,650,1,
aspect_only,images/relevant/09107-12500588__fonc-15-1601929-g002.jpg,aspect_only__09107-12500588__fonc-15-1601929-g002.jpg,wide_aspect_1.93,"Example of our preprocessing pipeline, cropped to the identified Region of Interest of the breast region, using Otsu’s Thresholding.",790,409,1,
aspect_only,images/relevant/04679-9424078__1349-7235-61-2387-g002.jpg,aspect_only__04679-9424078__1349-7235-61-2387-g002.jpg,wide_aspect_2.79,"A: The patient presented with erythema, skin edema, and skin tension in both breasts. A skin biopsy was performed in the black-marked area. B: Magnetic resonance imaging findings of the patient showin",661,237,1,
both_signals,images/relevant/00864-3800733__jbc-16-345-g001.jpg,both_signals__00864-3800733__jbc-16-345-g001.jpg,panel_letters_x2;panel_word;wide_aspect_3.55,"Computed tomography image of anal rhabdomyosarcoma. (A) Heterogenous enhancing mass, 8.5 cm sized in largest diameter, was noted around anus on computed tomography. (B) About 2.5 cm sized, enlarged ly",734,207,1,
both_signals,images/relevant/09409-12614461__fonc-15-1640302-g005.jpg,both_signals__09409-12614461__fonc-15-1640302-g005.jpg,panel_letter_list;wide_aspect_3.22,"Under the microscope, a large area of necrosis can be seen in the lymph node, surrounded by fibrous tissue or granuloma. H&E ×27.",734,228,1,
both_signals,images/relevant/09689-12747989__fonc-15-1710242-g004.jpg,both_signals__09689-12747989__fonc-15-1710242-g004.jpg,panel_letters_x4;tall_aspect_0.47,"(A) Immunohistochemistry showed diffuse positive staining for CD10 in CCRCC, whereas CD10 staining was negative in metastatic lesions. (×200). (B) Immunohistochemistry showed nuclear staining of PAX-8",706,1495,1,
both_signals,images/relevant/07292-11406474__cureus-0016-00000067047-i02.jpg,both_signals__07292-11406474__cureus-0016-00000067047-i02.jpg,panel_letters_x3;panel_letter_list;panel_word;wide_aspect_1.94,(a) A small enhancing nodule measuring 13 mm in the right lobe in segment VII identified on CECT; (b) a heterogeneously enhancing solid mass lesion measuring 34 x 32 mm in the right post-parietal regi,750,387,1,
both_signals,images/relevant/09977-12904953__404_2026_8341_Fig2_HTML.jpg,both_signals__09977-12904953__404_2026_8341_Fig2_HTML.jpg,panel_letters_x2;panel_word;wide_aspect_2.91,Post-cesarean section axial computed tomography images of the thorax (A) and abdomen (B) reveal a consolidation in the superior segment of the right lower lobe (black arrow) and a subtle fracture invo,748,257,1,
both_signals,images/relevant/02476-5801832__12885_2018_4054_Fig2_HTML.jpg,both_signals__02476-5801832__12885_2018_4054_Fig2_HTML.jpg,panel_letters_x2;wide_aspect_2.54,Immunohistochemistry showing cytokeratin 19 (a) and estrogen receptor (b),472,186,1,
both_signals,images/relevant/05602-10408235__12890_2023_2569_Fig4_HTML.jpg,both_signals__05602-10408235__12890_2023_2569_Fig4_HTML.jpg,panel_word;wide_aspect_1.87,High-resolution computed tomography images of the chest at the time of diagnosis in case 3. The images show frosted shadows and consolidations in the left lung and right lower lobe. The right upper lo,778,415,1,
both_signals,images/relevant/09004-12401254__medi-104-e44208-g001.jpg,both_signals__09004-12401254__medi-104-e44208-g001.jpg,panel_letters_x3;panel_letter_list;panel_word;wide_aspect_2.33,Images of measurement of MCA-PSV and IPSVS (A) markedly increased MCA-PSV. (B–E) abnormal channels between both LPV and RPV and MHV with the maximum width of 0.37 cm. (E) The collateral vessel showed,800,343,1,
both_signals,images/relevant/09423-12623610__10.1177_20584601251398263-fig2.jpg,both_signals__09423-12623610__10.1177_20584601251398263-fig2.jpg,panel_letters_x2;panel_word;wide_aspect_2.50,Ultrasound of the left breast showing a large heterogenous lesion with cystic areas within. Doppler colour shows the internal blood vessels (a) and (b).,754,301,1,
both_signals,images/relevant/05265-10102355__fsurg-10-997338-g001.jpg,both_signals__05265-10102355__fsurg-10-997338-g001.jpg,panel_letters_x2;wide_aspect_3.15,(A) Preoperative ultrasound showed multiple uterine leiomyomas. (B) Ultrasound image of normal uterus 6 months after surgery.,700,222,1,
both_signals,images/relevant/07856-11784609__gr2.jpg,both_signals__07856-11784609__gr2.jpg,panel_word;wide_aspect_2.44,"Abdominopelvic ultrasonography between baseline and day-360 baseline ultrasound revealed normal-sized ovaries with multiple follicles, consistent with PCOS: right ovary at 2.8 × 1.6 cm, left at 3.4 × ",776,318,1,
both_signals,images/relevant/04608-9304877__gr3.jpg,both_signals__04608-9304877__gr3.jpg,panel_letters_x2;wide_aspect_2.35,(A) T2 axial presents normal parenchymal organs without signs for focal lesions. (B) T2 axial presents normal parenchymal organs without signs for focal lesions.,792,337,1,
both_signals,images/relevant/06589-11040999__13256_2024_4476_Fig1_HTML.jpg,both_signals__06589-11040999__13256_2024_4476_Fig1_HTML.jpg,panel_word;wide_aspect_2.07,A Computed tomography scan showing paraaortic lymph nod (appointed with red arrow) e measuring 17 × 12 mm and B left pelvic lymph node (appointed with red arrow) measuring 16 × 5 × 10 mm,796,385,1,
both_signals,images/relevant/02919-6159123__bjrcr.20150038.g001.jpg,both_signals__02919-6159123__bjrcr.20150038.g001.jpg,panel_letters_x2;panel_word;wide_aspect_2.96,"Free-breathing transverse (a) and sagittal (b) planning CT images from Eclipse™ planning system (Varian Medical Systems, Palo Alto, CA). The delineated liver (light yellow contour line), right lung (d",613,207,1,
both_signals,images/relevant/07536-11547022__ijms-25-11567-g004.jpg,both_signals__07536-11547022__ijms-25-11567-g004.jpg,panel_letters_x2;wide_aspect_2.50,Representative FAP staining of MDA-MB-231 xenograft (high magnification). FAP expression was noted in the (a) tumor cells and (b) stroma. Scale bars = 25 μm.,742,297,1,
both_signals,images/relevant/05007-9741496__gr2_lrg.jpg,both_signals__05007-9741496__gr2_lrg.jpg,panel_letters_x3;panel_word;wide_aspect_1.87,Cases with hypoxic-ischemic encephalopathy. A 31-weeks-and-1-day-old female born to a coronavirus disease 2019 (COVID-19) symptomatic mother. The neonate had minimal reaction to physical examination a,740,395,1,
both_signals,images/relevant/07438-11485382__qims-14-10-7587-f2.jpg,both_signals__07438-11485382__qims-14-10-7587-f2.jpg,panel_letters_x8;panel_word;wide_aspect_2.61,Scans of a 56-year-old female patient with cervical squamous cell carcinoma (phase IIIB FIGO staging). The circle represents the lesion area. (A) TVUS showed hypoechogenicity in the lower cervical seg,792,304,1,
both_signals,images/relevant/05328-10187598__JCAS-6-307-g016.jpg,both_signals__05328-10187598__JCAS-6-307-g016.jpg,panel_letters_x2;panel_letter_list;wide_aspect_3.02,"(a and b): (a) Greyscale ultrasound image shows a circumscribed hypoechoic mass (blue arrow) at 5 o’clock near the inframammary fold, in the dermal planes, extending into the subcutaneous tissues. (b)",523,173,1,
both_signals,images/relevant/03416-6701377__JCB-11-36866-g004.jpg,both_signals__03416-6701377__JCB-11-36866-g004.jpg,panel_word;wide_aspect_2.63,A) MRI with dose distribution illustrating alternation of the tandem and needle location between the dose fractions with the dose distribution included. Panel A illustrates the needle in the left para,722,275,1,
both_signals,images/relevant/05284-10137930__diagnostics-13-01433-g001.jpg,both_signals__05284-10137930__diagnostics-13-01433-g001.jpg,panel_letters_x3;wide_aspect_3.15,(a) Axial CT image showing a marked narrowing of the anterior superior branch of the LRV (arrow) as it courses between the superior mesenteric artery (arrowhead) and the abdominal aorta (asterisk). (b,766,243,1,
both_signals,images/relevant/01531-4691015__12885_2015_2031_Fig3_HTML.jpg,both_signals__01531-4691015__12885_2015_2031_Fig3_HTML.jpg,panel_word;wide_aspect_2.73,Chest MRI and CT examination before (left) and after (right) surgical abortion. The volume of the largest pulmonary manifestation decreased from 30.02 cm3 to 3.51 cm3,472,173,1,
both_signals,images/relevant/08766-12242359__usg-25048f10.jpg,both_signals__08766-12242359__usg-25048f10.jpg,panel_word;wide_aspect_2.39,A 56-year-old woman undergoing screening.A. A craniocaudal spot magnification mammogram shows grouped pleomorphic calcifications (arrows) in the left subareolar area. Multiple groups of round calcific,700,293,1,
both_signals,images/relevant/07118-11312504__ijms-25-08506-g007.jpg,both_signals__07118-11312504__ijms-25-08506-g007.jpg,panel_letters_x2;wide_aspect_2.79,"Ultrasound presents a mammary gland with multiple lesions at 2–3 o’clock with spiculated margins and a non-circumscribed shape, with a linear/ductal distribution: (a) Measured lesion; (b) Insertion of",743,266,1,
both_signals,images/relevant/04474-9011316__atm-10-06-387-f5.jpg,both_signals__04474-9011316__atm-10-06-387-f5.jpg,panel_word;wide_aspect_1.92,Contrast-enhanced CT images of the abdomen. (A-D) Nodules and mass inside the left side of the greater omentum and between the stomach and abdominal aorta were not obvious. Two small nodules almost di,775,404,1,
both_signals,images/relevant/01133-4197888__CRIM2014-146956.007.jpg,both_signals__01133-4197888__CRIM2014-146956.007.jpg,panel_letter_list;tall_aspect_0.25,"Pathological diagnosis: routine hematoxylin-eosin stained section of the skin of abdominal wall (a and b) revealed lymphocytic and granulomatous infiltration, with epithelioid macrophages and sparse e",600,2447,1,
both_signals,images/relevant/00192-12705379__fonc-15-1699233-g002.jpg,both_signals__00192-12705379__fonc-15-1699233-g002.jpg,panel_letters_x2;wide_aspect_3.36,Ultrasound evaluation of hepatic metastasis (A) 28 weeks of gestation and (B) at 33 weeks of gestation.,698,208,1,
both_signals,images/relevant/04647-9371877__CRIOG2022-2012376.002.jpg,both_signals__04647-9371877__CRIOG2022-2012376.002.jpg,panel_letters_x2;panel_word;wide_aspect_2.05,"Abdominal computed tomography of the tumor. The tumor was with solid and cystic components in the right pelvic cavity. (a) Sagittal view (arrow), (b) coronal view (arrow).",773,377,1,
both_signals,images/relevant/01371-4466583__srep11000-f2.jpg,both_signals__01371-4466583__srep11000-f2.jpg,panel_word;wide_aspect_4.64,24-year-old young woman with bilateral ovarian yolk sac tumors.A A solid cystic mass with heterogeneous moderate to marked enhancement in the left pelvic cavity (black arrow). B An enlarged vessel is,700,151,1,
both_signals,images/relevant/00732-3531935__cro-0005-0616-g02.jpg,both_signals__00732-3531935__cro-0005-0616-g02.jpg,panel_word;tall_aspect_0.43,Right thoracic interpectoral adenopathy detected by FDG-PET/CT.,657,1517,0,
both_signals,images/relevant/10093-12973651__12884_2026_8756_Fig3_HTML.jpg,both_signals__10093-12973651__12884_2026_8756_Fig3_HTML.jpg,panel_word;wide_aspect_2.49,"Sagittal and axial T1 planes of the patient’s MRI brain from 3/11/25, which revealed tumor progression into the left cavernous sinus with further displacement of the left optic nerve",646,259,1,
both_signals,images/relevant/09531-12683742__kjr-26-1133-g007.jpg,both_signals__09531-12683742__kjr-26-1133-g007.jpg,panel_letters_x2;panel_letter_list;panel_word;wide_aspect_2.09,A 45-year-old woman with a benign NML due to stromal fibrosis. A: Right magnification craniocaudal mammographic image shows architectural distortion (arrow). A radiopaque skin marker was placed over t,692,331,1,
both_signals,images/relevant/05422-10243648__JMI-010-S22409-g013.jpg,both_signals__05422-10243648__JMI-010-S22409-g013.jpg,panel_letters_x2;wide_aspect_2.10,UDF case 8: (a) data conditioner detections projected onto the CC view and (b) the fused output.,785,374,1,
both_signals,images/relevant/06222-10847695__gr2.jpg,both_signals__06222-10847695__gr2.jpg,panel_letters_x2;panel_letter_list;wide_aspect_2.63,"Punch biopsy demonstrating dermal perivascular lymphocytic infiltrate consistent with dermatomyositis. H&E 40× (A), 100× (B) magnification. H&E, Hematoxylin and eosin.",711,270,1,
both_signals,images/relevant/09226-12539756__cureus-0017-00000092863-i03.jpg,both_signals__09226-12539756__cureus-0017-00000092863-i03.jpg,panel_letters_x2;wide_aspect_2.19,Sagittal and axial CT views of emphysematous cystitis.(A) Sagittal CT angiography showing gas tracking circumferentially within the bladder wall. (B) Axial CT angiography confirming intramural gas thr,750,343,1,
both_signals,images/relevant/05164-9992788__fonc-13-1106890-g003.jpg,both_signals__05164-9992788__fonc-13-1106890-g003.jpg,panel_word;wide_aspect_3.09,"Ultrasound-guided percutaneous biopsy for the 68Ga-DOTATATE-avid left axilla and right inguinal lymph nodes. The pathological results revealed metastatic invasive lobular breast carcinoma (A, left axi",708,229,1,
both_signals,images/relevant/03483-6884983__JCIS-9-46-g002.jpg,both_signals__03483-6884983__JCIS-9-46-g002.jpg,panel_letters_x2;panel_word;wide_aspect_2.46,"A 36-year-old HIV positive male presented with a painless hard palpable “pea-size” lump in the left breast, upper outer quadrant, present for many years, increased in size over the most recent 6 month",697,283,1,
both_signals,images/relevant/07621-11602239__rjae743f4.jpg,both_signals__07621-11602239__rjae743f4.jpg,panel_letters_x4;panel_letter_list;wide_aspect_3.85,"Pathological and immunohistochemical findings: (a) hematoxylin and eosin (HE), (b) CD20, and (c) CD79. (a) HE staining reveals nodular lymphocytic proliferation replacing the entire ovary, with monoto",666,173,1,
both_signals,images/relevant/04149-8403704__gr1.jpg,both_signals__04149-8403704__gr1.jpg,panel_word;wide_aspect_2.51,Ultrasound images of a 23-year-old female with breast lesion show a well-defined cystic lesion (31 × 27 × 17 mm) with thick wall and internal thick components in the left upper outer quadrant at 2 o'c,729,291,1,
both_signals,images/relevant/06719-11119575__12880_2024_1282_Fig2_HTML.jpg,both_signals__06719-11119575__12880_2024_1282_Fig2_HTML.jpg,panel_word;wide_aspect_5.40,"Visualisation of the corticospinal tract highlighted on a DTI skeleton. Images showing visualization of the CST region FA, along 3 different planes. L-R denotes radiological orientation where L = left",669,124,1,
both_signals,images/relevant/06380-10945424__fphar-15-1356167-g003.jpg,both_signals__06380-10945424__fphar-15-1356167-g003.jpg,panel_letters_x2;wide_aspect_2.82,Imaging pictures of the patient at admission. (A) breast ultrasound; (B) lymph node ultrasound.,708,251,1,
caption_letter_and_word,images/relevant/02865-6114966__oncotarget-09-31744-g004.jpg,caption_letter_and_word__02865-6114966__oncotarget-09-31744-g004.jpg,panel_letters_x5;panel_letter_list;panel_word,"Patient with PBS Sc 3 and trunk SPECT/CT Sc 1 proved as true positive by follow-upIn a 79-year-old female with newly diagnosed breast cancer with involved lymph node (T1N1), PBS in ventral (A) and dor",698,627,1,
caption_letter_and_word,images/relevant/07422-11468341__10.1177_23247096241272013-fig7.jpg,caption_letter_and_word__07422-11468341__10.1177_23247096241272013-fig7.jpg,panel_letter_list;panel_word,"Patient 5. (A, B, C, D) Chest CT showing lung parenchyma with normal morphology and density. A 29 × 34 mm pulmonary nodule is found in the lateral segment of the left lower lobe, with poorly defined b",644,399,1,
caption_letter_and_word,images/relevant/06958-11231513__gr1.jpg,caption_letter_and_word__06958-11231513__gr1.jpg,panel_letters_x2;panel_word,MLO (A) and CC (B) views of the left breast from screening mammogram demonstrate marked trabecular thickening of the left axillary tail on the MLO view.,714,473,1,
caption_letter_and_word,images/relevant/07926-11835984__scr-11-01-24-0042-g001.jpg,caption_letter_and_word__07926-11835984__scr-11-01-24-0042-g001.jpg,panel_letters_x3;panel_word,Enhanced CT and 3D reconstruction images before chemotherapy. (A) A 19 mm low-density tumor (arrow) is seen at the origin of the right and left branches of the portal vein and the abnormal P7. (B) A 1,747,567,1,
caption_letter_and_word,images/relevant/08909-12318870__PAMJ-51-25-g002.jpg,caption_letter_and_word__08909-12318870__PAMJ-51-25-g002.jpg,panel_letters_x2;panel_letter_list;panel_word,"axial (A) and coronal (B) T2-weighted MR images demonstrating a right-sided perineal mass with irregular, stellate contours extending toward the posterolateral wall of the distal third of the vagina a",696,525,1,
caption_letter_and_word,images/relevant/08202-11977427__amjcaserep-26-e946680-g004.jpg,caption_letter_and_word__08202-11977427__amjcaserep-26-e946680-g004.jpg,panel_letters_x4;panel_word,"Intraoperative images of second cytoreductive surgery. (A) the resection of a quadratus lumborum muscle metastasis, (B) the tumor on the greater curvature of stomach, resected en bloc with a portion o",780,636,1,
caption_letter_and_word,images/relevant/03458-6831356__medi-98-e15395-g001.jpg,caption_letter_and_word__03458-6831356__medi-98-e15395-g001.jpg,panel_letters_x4;panel_word,(A) Solid cystic hypoechoic adnexal mass. (B) Sagittal enhanced T1-weighted image showing an irregular lesion of approximately 2.5 × 2.7 cm in the left accessory area. (C) Ovarian biopsy; hematoxylin,800,602,1,
caption_letter_and_word,images/relevant/07545-11556468__AAM-23-529-g001.jpg,caption_letter_and_word__07545-11556468__AAM-23-529-g001.jpg,panel_letters_x2;panel_letter_list;panel_word,35-year female high-resolution ultrasound breast (a) Showed well-defined lobulated heterogeneously hypoechoic wider than tall lesion in right breast at 9’o clock position. Histopathology examination (,505,301,1,
caption_letter_and_word,images/relevant/06441-10972256__medicina-60-00460-g001.jpg,caption_letter_and_word__06441-10972256__medicina-60-00460-g001.jpg,panel_letters_x2;panel_letter_list;panel_word,"Diagnostic CT Imaging of Abdominal and Pelvic Regions. (A) ascites (B) multiple round intra-peritoneal fatty density lesions without contrast uptake; (C,D) serpiginous structure with intense contrast ",710,520,1,
caption_letter_and_word,images/relevant/01916-5069840__CBM-2016-0038-1.jpg,caption_letter_and_word__01916-5069840__CBM-2016-0038-1.jpg,panel_letters_x2;panel_word,Mammography scan demonstrating a 19 mm × 18 mm mass on the border of the inner quadrants of the left breast (white arrow). (A) Craniocaudal. (B) Mediolateral oblique view.,756,567,1,
caption_letter_and_word,images/relevant/06757-11140022__fonc-14-1366613-g003.jpg,caption_letter_and_word__06757-11140022__fonc-14-1366613-g003.jpg,panel_letters_x4;panel_letter_list;panel_word,"In a 56-year-old woman, an irregular mass with ring enhancement was observed in the left breast on initial dynamic contrast-enhanced axial MR images (A). She was diagnosed with HER2-positive subtype i",736,513,1,
caption_letter_and_word,images/relevant/05130-9942739__kjco-17-1-44f1.jpg,caption_letter_and_word__05130-9942739__kjco-17-1-44f1.jpg,panel_letters_x2;panel_word,Computed tomography was shown that about 6-cm dimension infiltrative mass between the cecum base and right psoas muscle with obliteration of appendix. (A) Coronal view and (B) axial view.,676,1290,1,
caption_letter_and_word,images/relevant/09187-12531658__jksr-86-775-g003.jpg,caption_letter_and_word__09187-12531658__jksr-86-775-g003.jpg,panel_letters_x2;panel_letter_list;panel_word,"A 55-year-old woman with DCIS.A. Axial contrast-enhanced T1-weighted subtraction MR image reveals a 2.9 cm segmentally distributed non-mass lesion (arrow) in the right breast.B, C. On ultrafast DCE-MR",673,474,1,
caption_letter_and_word,images/relevant/03298-6509981__10.1177_1557988319847856-fig1.jpg,caption_letter_and_word__03298-6509981__10.1177_1557988319847856-fig1.jpg,panel_letters_x4;panel_word,Mammogram and ultrasound imaging of the patient. (a) Mammogram shows a 1.48 × 1.15 cm mass in the left breast Breast Imaging – Reporting And Data System (BI-RADS 4C). (b) Ultrasound imaging shows a hy,684,489,1,
caption_letter_and_word,images/relevant/05974-10690940__fmed-10-1303593-g002.jpg,caption_letter_and_word__05974-10690940__fmed-10-1303593-g002.jpg,panel_letters_x5;panel_word,"Example of typical deep infiltrating endometriosis (DIE), focal adenomyosis of the outer myometrium and endometriomas on MRI, categorized by two readers as #Enzian(m) O1/2, A2, B2/2, C3, FA and by one",738,800,1,
caption_letter_and_word,images/relevant/05942-10663166__IMCRJ-16-747-g0001.jpg,caption_letter_and_word__05942-10663166__IMCRJ-16-747-g0001.jpg,panel_letters_x2;panel_letter_list;panel_word,Ultrasound examination: (A) Small echoes of glands were observed deep in the right nipple. The larger lesion was located below the nipple and measured 4.4 cm x 4.4 cm x 1.4 cm. (B) Striped blood flow,750,644,1,
caption_letter_and_word,images/relevant/01763-4918490__IJNM-31-222-g001.jpg,caption_letter_and_word__01763-4918490__IJNM-31-222-g001.jpg,panel_letters_x4;panel_word,"Ga-68 prostate-specific membrane antigen positron emission tomography-computed tomography scan, (a) maximum intensity projection; (b) axial computed tomography; (c) axial positron emission tomography;",700,586,1,
caption_letter_and_word,images/relevant/10268-13062508__gr3.jpg,caption_letter_and_word__10268-13062508__gr3.jpg,panel_letters_x3;panel_word,"Selected magnetic resonance imaging (MRI) images of a 47-year-old woman, (A) coronal T1WI, (B) axial T2WI shows bilateral ovarian multiloculated cystic masses with solid enhancing components and right",714,617,1,
caption_letter_and_word,images/relevant/02537-5865406__amjcaserep-19-267-g001.jpg,caption_letter_and_word__02537-5865406__amjcaserep-19-267-g001.jpg,panel_letters_x3;panel_word,"(A) Chest X-ray of lung mass showing leiomyoma in right lower lung field. (B) CT scan shows a mass originating from the right lower lobe extending to the mediastinum, without lymphadenopathy. (C) PET ",780,468,1,
caption_letter_and_word,images/relevant/05705-10533560__41523_2023_585_Fig2_HTML.jpg,caption_letter_and_word__05705-10533560__41523_2023_585_Fig2_HTML.jpg,panel_letters_x8;panel_word,Breast imaging in women with hereditary lobular breast cancer.Patients with HLBC undergoing diagnostic breast MRI either due to a palpable abnormality or an abnormality detected on a screening mammogr,675,486,1,
caption_letter_and_word,images/relevant/07733-11705144__in_vivo-39-168-g0001.jpg,caption_letter_and_word__07733-11705144__in_vivo-39-168-g0001.jpg,panel_letter_list;panel_word,"Histopathology and immunohistochemistry results of triple-negative (4T1) and HER2 positive (MDA-MB-HER2+) xenografts. Upper row shows hematoxylin and eosin (H&E) staining, middle row and bottom row di",657,746,1,
caption_letter_and_word,images/relevant/06889-11188749__10-1055-s-0043-1778633-i23123163-8.jpg,caption_letter_and_word__06889-11188749__10-1055-s-0043-1778633-i23123163-8.jpg,panel_letter_list;panel_word,"Mass on the pectoral muscle. (
A, B
) A prior mammogram and (
C, D
) a new mass on the pectoral muscle that was misinterpreted as a lymph node. The patient presented with a symptomatic lump in the upp",693,800,1,
caption_letter_and_word,images/relevant/08010-11889481__AR-308-1229-g006.jpg,caption_letter_and_word__08010-11889481__AR-308-1229-g006.jpg,panel_letters_x2;panel_word,"T1‐weighted post‐contrast images show pelviureteric junction obstruction on the right side (b) and hydroureteronephrosis on the left side (a). Contrast passes through kidney (renal phase, left panel),",676,504,1,
caption_letter_and_word,images/relevant/02861-6113978__GMIT-6-85-g001.jpg,caption_letter_and_word__02861-6113978__GMIT-6-85-g001.jpg,panel_letters_x4;panel_word,A 34-year old woman with hemorrhagic shock after pelvic surgery for endometriosis. (A) Contrast-enhanced computed tomography shows a pseudoaneurysm close to the left aspect of the uterus (arrow: enlar,534,556,1,
caption_letter_and_word,images/relevant/03658-7277915__diagnostics-10-00270-g004.jpg,caption_letter_and_word__03658-7277915__diagnostics-10-00270-g004.jpg,panel_letters_x2;panel_word,"F18-FDG PET/CT scans—2015, before chemotherapy and 2016, after treatment, evaluating the therapy response: axial section abdominal level (upper images), pelvic level with right lymph node (middle imag",772,730,1,
caption_letter_and_word,images/relevant/07257-11396475__12890_2024_3276_Fig3_HTML.jpg,caption_letter_and_word__07257-11396475__12890_2024_3276_Fig3_HTML.jpg,panel_letter_list;panel_word,Case 3: Chest CT-scan (CCT). Lung window images on axial transverse CCT and coronal-reformatted reconstruction were obtained at level of the carina. a and b Six weeks after the beginning of olaparib t,708,418,1,
caption_letter_and_word,images/relevant/03272-6485044__amjcaserep-20-531-g002.jpg,caption_letter_and_word__03272-6485044__amjcaserep-20-531-g002.jpg,panel_letters_x4;panel_word,Computed tomography (CT) imaging of the left breast and axilla (A) Axial non-enhanced computed tomography (CT) imaging. (B) Axial enhanced computed tomography (CT) imaging shows a heterogeneous and ne,780,600,1,
caption_letter_and_word,images/relevant/04286-8597372__RJME-62-1-301-fig1.jpg,caption_letter_and_word__04286-8597372__RJME-62-1-301-fig1.jpg,panel_letters_x2;panel_word,"(A) MRI scan identified the tumor as a 46/42 mm nodule, with a polycyclic outline and irregular internal perimeter; (B) CT scan shows a necrotic lobular tumor of 40–50 mm, in the inferior external qua",630,835,1,
caption_letter_and_word,images/relevant/06940-11218728__jnumed.124.267546f2.jpg,caption_letter_and_word__06940-11218728__jnumed.124.267546f2.jpg,panel_letter_list;panel_word,[18F]FDG PET/CT of 47-y-old woman with sarcomatous lung cancer and 11-y history of endometriosis at time of imaging. (A) Intense [18F]FDG uptake can be seen in primary lung cancer lesions as well as l,791,462,1,
caption_letter_and_word,images/relevant/02382-5704795__medi-96-e8438-g009.jpg,caption_letter_and_word__02382-5704795__medi-96-e8438-g009.jpg,panel_letters_x4;panel_word,18F FDG-PET/CT images of the patient had progression in N0 group. The patient was a 52-year-old woman with invasive ductal carcinoma in the left breast. Maximal intensity projection image of 18F FDG-P,800,600,1,
caption_letter_and_word,images/relevant/05041-9785399__medicina-58-01838-g003.jpg,caption_letter_and_word__05041-9785399__medicina-58-01838-g003.jpg,panel_letters_x6;panel_word,CT findings: (A) low paratracheal group (19/14 mm); (B) right paraaortic lymph nodes (11/9 mm); (C) left paraaortic lymph nodes (20/10 mm); (D) right ovarian tumor formation (87/69 mm); (E) common ili,778,586,1,
caption_letter_and_word,images/relevant/06615-11054143__pharmaceutics-16-00532-g011.jpg,caption_letter_and_word__06615-11054143__pharmaceutics-16-00532-g011.jpg,panel_letters_x3;panel_word,"(a) 68Ga-iFAP/PET, 99mTc-Sestamibi/SPECT, and cardiac magnetic resonance (CMR) imaging in a patient with acute myocardial infarction. Note the high 68Ga-iFAP uptake in the anteroseptal region correspo",749,563,1,
caption_letter_and_word,images/relevant/04888-9604870__life-12-01600-g001.jpg,caption_letter_and_word__04888-9604870__life-12-01600-g001.jpg,panel_letters_x2;panel_word,"MR images before and after treatment. Panel (A): Axial MRI FLAIR images of the supratentorial (top row) and infratentorial (bottom row) brain at nadir (day 12 from symptom onset) demonstrate abnormal,",795,685,1,
caption_letter_and_word,images/relevant/04721-9440557__12957_2022_2745_Fig4_HTML.jpg,caption_letter_and_word__04721-9440557__12957_2022_2745_Fig4_HTML.jpg,panel_letters_x4;panel_letter_list;panel_word,Postoperative pathological examinations of the right breast after chemotherapy (× 200 magnification). H&E staining shows remains of invasive ductal carcinoma (a). ER staining was negative (b). HER2 st,777,523,1,
caption_letter_and_word,images/relevant/06661-11087738__j_biol-2022-0845-fig001.jpg,caption_letter_and_word__06661-11087738__j_biol-2022-0845-fig001.jpg,panel_letter_list;panel_word,Chest CT scan with or without contrast. (a and b) Small nodules in the bronchial lumen of the dorsal segment of the lower lobe of the right lung. (c) Scattered tiny nodules in both lungs.,750,484,1,
caption_letter_and_word,images/relevant/03287-6501734__amjcaserep-20-612-g001.jpg,caption_letter_and_word__03287-6501734__amjcaserep-20-612-g001.jpg,panel_letters_x7;panel_word,"The transverse (A), longitudinal (B), and radial (C) grayscale ultrasonograms of the right breast taken at the upper outer quadrant show an indistinct, oval, heterogeneous-echoic mass with posterior e",690,810,1,
caption_letter_and_word,images/relevant/00457-2933636__1752-1947-4-282-1.jpg,caption_letter_and_word__00457-2933636__1752-1947-4-282-1.jpg,panel_letters_x4;panel_word,(A) Axial computed tomography (CT) and (B) axial positron emission tomography (PET) images of pre-treatment PET/CT scan showed an intense FDG avid mass in the left breast (arrowhead). (C) Axial comput,600,394,1,
caption_letter_and_word,images/relevant/00112-12566828__pathogens-14-01024-g004.jpg,caption_letter_and_word__00112-12566828__pathogens-14-01024-g004.jpg,panel_letters_x2;panel_word,CT scans of a 34-year-old pregnant woman showing facial phlegmon involving the right pterygomandibular (a) and temporal spaces (b) (red circles).,745,421,1,
caption_letter_and_word,images/relevant/05359-10209382__13244_2023_1433_Fig4_HTML.jpg,caption_letter_and_word__05359-10209382__13244_2023_1433_Fig4_HTML.jpg,panel_letters_x7;panel_letter_list;panel_word,"42-year-old female presenting with a non-febrile acute pelvic pain, with negative human chorionic gonadotropin (HCG) and C-reactive protein (CRP). Non-enhanced CT (a) showing a spontaneously dense lef",797,876,1,
caption_letter_and_word,images/relevant/07285-11404736__IJNM-39-229-g003.jpg,caption_letter_and_word__07285-11404736__IJNM-39-229-g003.jpg,panel_letters_x7;panel_word,Follow-up 18F-fluorodeoxyglucose positron emission tomography/computed tomography (PET/CT) performed post 6 cycles of adjuvant chemotherapy. (a) MIP image showing hypermetabolic lesion in the neck and,605,393,1,
caption_letter_only,images/relevant/09751-12789679__41598_2025_30724_Fig3_HTML.jpg,caption_letter_only__09751-12789679__41598_2025_30724_Fig3_HTML.jpg,panel_letters_x2,"Original image of a patient’s breast from the C6BIS-DDSM dataset, showing: (a) post-processed image using the best-performing model, DS with input size 256 x 256 and P1-P99 of intensity normalization,",767,994,1,
caption_letter_only,images/relevant/00272-12985462__jcm-15-01933-g001.jpg,caption_letter_only__00272-12985462__jcm-15-01933-g001.jpg,panel_letters_x2,The sonographic evolution of meconium ileus complicated by intestinal volvulus in a fetus affected by cystic fibrosis. (A) Bowel dilatation of a maximum of 11 mm at 33 + 2 gestational weeks (GW). (B–D,745,706,1,
caption_letter_only,images/relevant/06484-10988546__cureus-0016-00000055490-i01.jpg,caption_letter_only__06484-10988546__cureus-0016-00000055490-i01.jpg,panel_letter_list,Neuroimaging findingsA: Non-contrast head CT demonstrating vasogenic edema of the parieto-occipital lobes (see arrows). B: T2 MRI showing cortical and subcortical edema of bilateral parietal and occip,750,806,1,
caption_letter_only,images/relevant/07690-11653178__fimmu-15-1475018-g001.jpg,caption_letter_only__07690-11653178__fimmu-15-1475018-g001.jpg,panel_letters_x2,"(A) High-resolution HE images of the primary breast cancer. (B) Representative immunohistochemical staining in breast cancer tissues. Magnification, 100×; scale bar, 100μm and magnification, 400×; sca",797,784,1,
caption_letter_only,images/relevant/04589-9269056__sensors-22-04678-g012.jpg,caption_letter_only__04589-9269056__sensors-22-04678-g012.jpg,panel_letters_x4,The MLO-view digital mammography image (A) demonstrates the palpable mass (red circle) associated with the radiopaque marker placed on the patient’s skin. The presented slice of Radialis PET Camera CC,701,462,1,
caption_letter_only,images/relevant/08206-11981478__JOCR-15-121-g002.jpg,caption_letter_only__08206-11981478__JOCR-15-121-g002.jpg,panel_letters_x2,(a) Magnetic resonance imaging (MRI) spine showing heterointense lesions amultiple levels. (b) MRI pelvis screening revealing osteolytic lesion in contralateral hip.,733,488,1,
caption_letter_only,images/relevant/07060-11274320__animals-14-02060-g006.jpg,caption_letter_only__07060-11274320__animals-14-02060-g006.jpg,panel_letter_list,"Pet rabbit mammary carcinomas with immunostaining for indoleamine 2,3-dioxygenase 1. The percentages of positive tumor cells were highly variable ranging from very few (a, arrowhead) to moderate numbe",752,450,1,
caption_letter_only,images/relevant/06718-11118066__biomedicines-12-01088-g002.jpg,caption_letter_only__06718-11118066__biomedicines-12-01088-g002.jpg,panel_letters_x3,Representative images of PET scans conducted in the Affibody-3 trial (NCT03655353) provided by Jens Sörensen and colleagues. (A) (pt3): Breast cancer (BC) patient with biopsy-confirmed HER2-positive m,708,811,1,
caption_letter_only,images/relevant/05401-10239534__cureus-0015-00000038560-i03.jpg,caption_letter_only__05401-10239534__cureus-0015-00000038560-i03.jpg,panel_letter_list,"A case of cervical carcinomaA: USG color Doppler image of the pelvis showing bulky cervix with a heterogeneously hypoechoic lesion (white arrow), demonstrating internal vascularity. The lesion is seen",750,683,1,
caption_letter_only,images/relevant/07473-9454572__cancers-14-04270-g005.jpg,caption_letter_only__07473-9454572__cancers-14-04270-g005.jpg,panel_letters_x4,Images show US findings of suspicious axillary lymph nodes. (a) A diffuse hypoechoic cortex greater than or equal to 3 mm (solid line) with preserved hilum (asterisk) may be the earliest sign of malig,760,575,1,
caption_letter_only,images/relevant/03730-7345680__diagnostics-10-00345-g001.jpg,caption_letter_only__03730-7345680__diagnostics-10-00345-g001.jpg,panel_letters_x2,"Ultrasonographic images of two nodules (A–C) (see white arrows), of scar endometriosis with some color spots (C) due to internal vascularization, infiltrating the external oblique muscle in a woman wi",742,561,1,
caption_letter_only,images/relevant/05088-9839210__medi-102-e32611-g003.jpg,caption_letter_only__05088-9839210__medi-102-e32611-g003.jpg,panel_letters_x2,"Schematic diagram of the urethral obliquity angle (UOA) and the posterior urethrovesical angle (PUA). (A) is a schematic diagram of the urethral obliquity angle (UOA), and (B) is a schematic diagram o",800,545,1,
caption_letter_only,images/relevant/08688-12226179__jss-11-02-371-f3.jpg,caption_letter_only__08688-12226179__jss-11-02-371-f3.jpg,panel_letters_x4,"Histological and immunohistochemical analysis showed a biphasic tumor with S100, SOX10, and vimentin positivity, and active mitoses. HE-staining (10×) of the resected tumor shows a cell-rich biphasic ",765,544,1,
caption_letter_only,images/relevant/01514-4636107__autopsy-05-03049-g01.jpg,caption_letter_only__01514-4636107__autopsy-05-03049-g01.jpg,panel_letter_list,"Photomicrography of the biopsy of the stomach showing an undifferentiated neoplasm, infiltrative cords, and isolated small cells around the oxyntic gastric mucosa (H&E, 100X).",732,444,0,
caption_letter_only,images/relevant/04406-8906156__bjrcr.20210114.g008.jpg,caption_letter_only__04406-8906156__bjrcr.20210114.g008.jpg,panel_letter_list,"(a, b): MRI Axial T1 and T1 FS showing fat suppression within
the dermoid (blue arrow). Heterogeneous area in the centre of the dermoid
(yellow triangle) corresponding to the dermoid plug-in ultrasoun",689,569,1,
caption_letter_only,images/relevant/00677-3423051__1752-1947-6-148-1.jpg,caption_letter_only__00677-3423051__1752-1947-6-148-1.jpg,panel_letters_x6,Imaging studies. (A) Computed tomography scan showing odontogenic keratocyst. (B) Computed tomography scan showing calcification of the falx cerebri. (C) Gross image of odontogenic keratocyst. (D) Pho,472,578,1,
caption_letter_only,images/relevant/07568-11570408__gr1.jpg,caption_letter_only__07568-11570408__gr1.jpg,panel_letters_x4,"Axial T2 sequence images without (A) and with FAT SAT (B) showing a lesion in segment IV that is slightly hyperintense (red arrows), with slight diffusion restriction (C) and moderate enhancement afte",791,553,1,
caption_letter_only,images/relevant/08267-12001569__13019_2025_3446_Fig1_HTML.jpg,caption_letter_only__08267-12001569__13019_2025_3446_Fig1_HTML.jpg,panel_letters_x3,"CTA imaging reveals aortic root dilation, with measured dimensions as follows: aortic annulus, 44 mm (a); Valsalva sinus, 55 mm (b); and sinotubular junction, 44 mm (c)",669,634,1,
caption_letter_only,images/relevant/06433-10968934__cancers-16-01142-g004.jpg,caption_letter_only__06433-10968934__cancers-16-01142-g004.jpg,panel_letters_x2,"MRI of EC with bulging in the endocervical canal. Sagittal T2-WI (A) and sagittal T1-WI after Gadolinium administration (B). Histopathologically, this was pT1b disease, but in MRI there is risk of ove",713,416,1,
caption_letter_only,images/relevant/04044-8097811__13256_2021_2838_Fig3_HTML.jpg,caption_letter_only__04044-8097811__13256_2021_2838_Fig3_HTML.jpg,panel_letters_x4,Transverse computed tomography image showing lung metastasis as pointed by the black arrow (a). Partial remission of the metastasized tumor was achieved after 8 months of letrozole 2.5 mg per day (b).,896,895,1,
caption_letter_only,images/relevant/00398-2811308__jkms-25-327-g003.jpg,caption_letter_only__00398-2811308__jkms-25-327-g003.jpg,panel_letter_list,"High power view of papillary carcinoma with enlarged, oval, overlapping, ground glass nuclei (H&E, ×200).",473,338,0,
caption_letter_only,images/relevant/02641-5944493__medi-97-e0401-g002.jpg,caption_letter_only__02641-5944493__medi-97-e0401-g002.jpg,panel_letter_list,"A, B: Abdomen MRI revealing dilated, fluid-filled small bowel loops and increased colonic wall diameters (arrows). MRI = magnetic resonance imaging.",800,487,1,
caption_letter_only,images/relevant/07730-11702108__12905_2024_3533_Fig1_HTML.jpg,caption_letter_only__07730-11702108__12905_2024_3533_Fig1_HTML.jpg,panel_letters_x4,"A–D T1WI, the mass showed equal signal intensity, with multiple small round internal areas of high signal intensity (A); T2WI, the mass demonstrated primarily a slightly high signal intensity, with mu",798,449,1,
caption_letter_only,images/relevant/08083-11917124__13256_2025_5172_Fig1_HTML.jpg,caption_letter_only__08083-11917124__13256_2025_5172_Fig1_HTML.jpg,panel_letter_list,Appearance of ultrasound and magnetic resonance imaging. A Ultrasonography showed a multilocular cystic mass with solid components (arrows). The solid area revealed internal heterogeneity. The tumor s,767,763,1,
caption_letter_only,images/relevant/08999-12394823__kjr-26-841-g011.jpg,caption_letter_only__08999-12394823__kjr-26-841-g011.jpg,panel_letters_x2;panel_letter_list,"CE-CT and DWI-MRI of a patient with metastatic high-grade serous ovarian cancer. A, B: CE-CT (A) and DWI-MRI (B) shows lobulated soft tissue at the splenic hilum (white arrows) and omental nodules jus",676,918,1,
caption_letter_only,images/relevant/07139-11325744__13000_2024_1534_Fig2_HTML.jpg,caption_letter_only__07139-11325744__13000_2024_1534_Fig2_HTML.jpg,panel_letter_list,"Morphologic and immunohistochemical findings in Case 1. Fat fusiform or oval neoplastic cells are interspersed with pleomorphic neoplastic cells containing numerous mitotic Fig. (200x A, B); The cells",744,751,1,
caption_letter_only,images/relevant/05804-10601781__cro-2023-0016-0001-534146_F02.jpg,caption_letter_only__05804-10601781__cro-2023-0016-0001-534146_F02.jpg,panel_letter_list,"a Photomicrograph showing malignant spindle cells embedded within a chondromyxoid strom (H&E, original magnification ×100). b Poorly differentiated carcinoma with necrosis (H&E, original magnification",781,602,1,
caption_letter_only,images/relevant/07832-11763801__cimb-47-00047-g003.jpg,caption_letter_only__07832-11763801__cimb-47-00047-g003.jpg,panel_letters_x6;panel_letter_list,Pathohistological microscopic examination. Pathohistological analysis of the intramuscular node shows clusters of glands and the stroma characteristics of the endometrial mucosa. In the vicinity of th,695,601,1,
caption_letter_only,images/relevant/08006-11888544__nihpp-rs5448452v1-f0005.jpg,caption_letter_only__08006-11888544__nihpp-rs5448452v1-f0005.jpg,panel_letters_x2,"Qualitative assessment of DCE images and quantitative PKM analysis.(a-d) Qualitative assessment of DCE images of four representative malignant cases reconstructed with ELITE, with temporal resolution ",780,480,1,
caption_letter_only,images/relevant/07432-11483519__BPA-34-e13255-g009.jpg,caption_letter_only__07432-11483519__BPA-34-e13255-g009.jpg,panel_letters_x6,Overview image of brain development 10 weeks after HI. Slices were stained with anti‐PLP (green) to visualize myelin and Hoechst (blue) to label cell nuclei. Control (A) and HI (B) slices covering str,709,823,1,
caption_letter_only,images/relevant/09185-12531063__fonc-15-1584995-g004.jpg,caption_letter_only__09185-12531063__fonc-15-1584995-g004.jpg,panel_letters_x4,Immunohistochemical findings in cellular cervical adenomyoma (original magnification x 10). (A) The proliferation index of Ki-67 was 2%. (B) Estrogen Receptor (ER) showed positive expression in immuno,798,569,1,
caption_letter_only,images/relevant/03459-6831356__medi-98-e15395-g002.jpg,caption_letter_only__03459-6831356__medi-98-e15395-g002.jpg,panel_letters_x4,"(A) Solid adnexal mass detected by ultrasound for the first time. (B) Enlarged mass detected by ultrasound after 8 months. (C) Liver biopsy; hematoxylin and eosin stain, 5× magnification. (D) Ovarian ",800,601,1,
caption_letter_only,images/relevant/10224-13043382__fonc-16-1758269-g011.jpg,caption_letter_only__10224-13043382__fonc-16-1758269-g011.jpg,panel_letter_list,(Medium-power H&E) Chondroid and osteoid matrix.,590,453,1,
caption_letter_only,images/relevant/09828-12829280__13048_2025_1904_Fig2_HTML.jpg,caption_letter_only__09828-12829280__13048_2025_1904_Fig2_HTML.jpg,panel_letter_list,"a, b Hematoxylin and Eosin stained image on HPE showing axillary nodal metastasis. c, d Axillary nodal metastasis on IHC showing positivity for PAX8 and WT1",794,502,1,
caption_letter_only,images/relevant/04505-9048794__fgene-13-856552-g001.jpg,caption_letter_only__04505-9048794__fgene-13-856552-g001.jpg,panel_letter_list,"Brain MRI images. (A,B,D) Brain atrophy was found in Transverse T1 and T2 weighted image and Sagittal T1 weighted image(the red arrow); Sulci fissure widened and deepened in Transverse T1 and T2 weigh",642,663,1,
caption_letter_only,images/relevant/06975-11234285__thnov14p4076g005.jpg,caption_letter_only__06975-11234285__thnov14p4076g005.jpg,panel_letters_x4,"MRI detection of microbubble/US-induced BBB breakdown. Representative T1-weighted, Gd-DTPA contrast images of mouse brain pre and post AV-MB injection and ultrasound treatment with microbubble destruc",753,533,1,
caption_letter_only,images/relevant/07749-11714109__ejohg-14-238-g005.jpg,caption_letter_only__07749-11714109__ejohg-14-238-g005.jpg,panel_letter_list,H and E section of the rectal lesion showing the tumor cells infiltrating the lamina propria of the colonic mucosa in the form of sheets of discohesive cells,680,519,0,
caption_letter_only,images/relevant/00858-3789310__CRIM.MEDICINE2013-603614.004.jpg,caption_letter_only__00858-3789310__CRIM.MEDICINE2013-603614.004.jpg,panel_letters_x2,"Chronic lymphocytic leukemia involving the breast. (a) Lymphocytic infiltrate is seen involving the stroma and adipose tissue (core biopsy, hematoxylin & eosin stain, 40x magnification). (b) Atypical ",600,978,1,
caption_letter_only,images/relevant/05927-10654539__gr2.jpg,caption_letter_only__05927-10654539__gr2.jpg,panel_letters_x3,"Axial T2-weighted, fat-saturated MR images show the early gestational sac (A) as well as a large, predominately cystic submucosal mass with nodular internal septations (B). Note the relationship of th",787,705,1,
caption_letter_only,images/relevant/00038-12237230__DMCN-67-986-g005.jpg,caption_letter_only__00038-12237230__DMCN-67-986-g005.jpg,panel_letters_x2,Staphylococcus aureus abscess. (a) Cerebral abscess in the paracentral lobule with S. aureus in a term infant (parasagittal cranial ultrasound image). (b) Cerebellar abscess with S. aureus (two differ,709,532,1,
caption_word_only,images/relevant/07219-11365458__cureus-0016-00000065947-i03.jpg,caption_word_only__07219-11365458__cureus-0016-00000065947-i03.jpg,panel_word,"Comparison of pre- and post-treatment CT scansBasal CT scan (January 2020): Image A shows a lesion of 24 mm in the left pulmonary artery (T1, 24 mm) and subcarinal nodes (T3, 10 mm); image B shows the",750,463,1,
caption_word_only,images/relevant/07983-11875830__gr2.jpg,caption_word_only__07983-11875830__gr2.jpg,panel_word,"The axial CT scan image shows a large, complex, solid-cystic mass measuring approximately 10.54 cm × 11.12 cm, predominantly occupying the right adnexal region. The mass appears to displace adjacent p",722,601,0,
caption_word_only,images/relevant/04745-9493339__2185-4610-68-123-g003.jpg,caption_word_only__04745-9493339__2185-4610-68-123-g003.jpg,panel_word,"Pathological findings for the resected tumor of the left side peritoneum.Hematoxylin and eosin, ×200 objective. Typical microscopic view of a benign leiomyoma, with no necrosis and without marked atyp",583,439,1,
caption_word_only,images/relevant/08955-12371980__reports-08-00143-g006.jpg,caption_word_only__08955-12371980__reports-08-00143-g006.jpg,panel_word,"Dense infiltration of neutrophilic lymphocytes with cellular debris (asterisk) in the myometrium, with retained smooth muscle cells on the right side (arrows).",756,571,0,
caption_word_only,images/relevant/07012-11252175__11547_2024_1838_Fig8_HTML.jpg,caption_word_only__07012-11252175__11547_2024_1838_Fig8_HTML.jpg,panel_word,"Example of a left-sided lesion in the MLO projection a between the upper and lower quadrants, while in the CC projection b appears in the outer quadrants",749,617,1,
caption_word_only,images/relevant/06219-10845760__13058_2024_1780_Fig4_HTML.jpg,caption_word_only__06219-10845760__13058_2024_1780_Fig4_HTML.jpg,panel_word,"Typical images of multimodal MRI and qMRI maps.
A THRIVE pre-contrast agent injection images used for perfusion assessment, ADC maps, and fat-separated images used to calculate LTF. B Axial breast ima",797,1017,1,
caption_word_only,images/relevant/05516-10323416__kjr-24-626-g004.jpg,caption_word_only__05516-10323416__kjr-24-626-g004.jpg,panel_word,Representative magnetic resonance imaging (MRI) images of a 53-year-old woman with triple-negative breast cancer in her right breast. A: Sagittal contrast-enhanced T1-weighted MRI image shows an irreg,713,982,1,
caption_word_only,images/relevant/01627-4785622__13256_2016_829_Fig4_HTML.jpg,caption_word_only__01627-4785622__13256_2016_829_Fig4_HTML.jpg,panel_word,Breast metastasis pathological findings. Metastasis of squamous cell carcinoma in the breast parenchyma (hematoxylin and eosin; original magnification 20×). Inset: keratinic pearl surrounded by neopla,472,355,0,
caption_word_only,images/relevant/06458-10981771__cureus-0016-00000055280-i02.jpg,caption_word_only__06458-10981771__cureus-0016-00000055280-i02.jpg,panel_word,Computed tomography coronal view showing the mass on the left hypoplastic kidney (arrow),750,500,0,
caption_word_only,images/relevant/07755-11717867__kjr-26-29-g005.jpg,caption_word_only__07755-11717867__kjr-26-29-g005.jpg,panel_word,Comparisons of image quality of DL reconstructed T2-w images and standard T2-w images with visible cysts including in-phase and water-images. The figure shows axial planes of T2DL on the left and T2ST,773,963,1,
caption_word_only,images/relevant/06301-10896449__JNMA-61-261-465-g1.jpg,caption_word_only__06301-10896449__JNMA-61-261-465-g1.jpg,panel_word,"Ultrasonography showing cyst in right ovary measuring 50x35 mm with internal echoes and hyperechoic component, likely a dermoid cyst.",489,334,0,
caption_word_only,images/relevant/02677-5971339__CRIOG2018-5803479.002.jpg,caption_word_only__02677-5971339__CRIOG2018-5803479.002.jpg,panel_word,Chest computed tomography angiography (CTA) on the day of admission noting patchy infiltrate in the right middle and lower lung lobes and small bilateral pleural effusions.,752,511,0,
caption_word_only,images/relevant/02542-5865407__amjcaserep-19-284-g004.jpg,caption_word_only__02542-5865407__amjcaserep-19-284-g004.jpg,panel_word,"Transthoracic echocardiogram of the left and right ventricles. The left ventricle (LV) is normal in size, and systolic function is normal. The right ventricle (RV) is dilated with reduced systolic fun",640,500,0,
caption_word_only,images/relevant/01295-4376818__13244_2014_367_Fig13_HTML.jpg,caption_word_only__01295-4376818__13244_2014_367_Fig13_HTML.jpg,panel_word,"A 50-year-old female with focal 1-cm asymmetry in the left axilla region. a MLO views demonstrate left axillary irregular asymmetry, which persisted on spot compression. b Ultrasound of the left axill",396,691,1,
caption_word_only,images/relevant/05962-10686855__gr1.jpg,caption_word_only__05962-10686855__gr1.jpg,panel_word,"18F-FDG PET/CT demonstrating hypermetabolic mass (arrow) depicting biopsy-proven primary malignancy. Top left image is axial CT, top right image is axial FDG PET, bottom left image is fused axial CT a",781,750,1,
caption_word_only,images/relevant/10011-12921030__41698_2026_1283_Fig5_HTML.jpg,caption_word_only__10011-12921030__41698_2026_1283_Fig5_HTML.jpg,panel_word,"Visualization of segmentation results and Grad-CAM of the imaging branch in MOPS.A Tumor and positive lymph nodes segmentation and visualization. From left to right: CT image, Ground truth and Predict",699,765,1,
caption_word_only,images/relevant/07534-11546478__gr2.jpg,caption_word_only__07534-11546478__gr2.jpg,panel_word,Abdomen and pelvic CT axial image showing bilateral adnexal dermoid cyst. (green arrow). Note the irregularity in the medial wall of right dermoid cyst having indistinct fat plane with the adjacent bo,700,512,0,
caption_word_only,images/relevant/07490-10607747__jcm-12-06447-g009.jpg,caption_word_only__07490-10607747__jcm-12-06447-g009.jpg,panel_word,Images from the patient’s ultrasound and mammography screening of the right breast showing prominent breast tissue throughout (yellow squares).,671,632,1,
caption_word_only,images/relevant/03492-6906734__gr2.jpg,caption_word_only__03492-6906734__gr2.jpg,panel_word,Chest X-ray showing resolving right-sided pleural effusion post Thoracostomy. Arrows show chest tube in situ.,750,610,0,
caption_word_only,images/relevant/09378-12604263__13048_2025_1863_Fig1_HTML.jpg,caption_word_only__09378-12604263__13048_2025_1863_Fig1_HTML.jpg,panel_word,Images of pelvic and brain MRI and laparoscopic ovarian drilling.A Coronal T2-weighted pelvic MRI showing bilateral ovarian enlargement consistent with OHSS-like morphology. B Axial T2-weighted pelvic,669,383,1,
caption_word_only,images/relevant/09516-12680400__cde-2025-0017-0001-549463_F01.jpg,caption_word_only__09516-12680400__cde-2025-0017-0001-549463_F01.jpg,panel_word,PET-CT scan demonstrating multifocal FDG-avid dermal nodules in a patient with a history of breast cancer. a The posterior left calf. b The left anterior thigh.,772,574,1,
caption_word_only,images/relevant/08372-12051706__gr1.jpg,caption_word_only__08372-12051706__gr1.jpg,panel_word,Subcentimeter fat-containing ovarian teratoma on axial MRI: T2 weighted image demonstrates moderately hyperintense lesion (arrow) within the anterior left ovary and multiple adjacent T2 hyperintense f,792,763,0,
caption_word_only,images/relevant/04234-8543303__crg-0015-0846-g01.jpg,caption_word_only__04234-8543303__crg-0015-0846-g01.jpg,panel_word,"CT of the abdomen and legs. a CT showed dilatation of the small intestine and fluid retention in the intestine. b CT showed an oval and homogenous mass, that is, presumed thrombi (arrow), in the femor",782,453,1,
caption_word_only,images/relevant/05044-9785399__medicina-58-01838-g006.jpg,caption_word_only__05044-9785399__medicina-58-01838-g006.jpg,panel_word,The restaging CT of the right ovary: sizes were reduced more than 50%.,796,621,0,
caption_word_only,images/relevant/01693-4891466__gr2.jpg,caption_word_only__01693-4891466__gr2.jpg,panel_word,Axial image of 18F fluorodeoxyglucose positron emission tomography (18F-FDG PET) scan at level of bilateral hips shows focus of increased glucose uptake (arrow) near anterior-lateral portion of left g,666,444,0,
caption_word_only,images/relevant/01210-4273167__CTO-13-06-g-006.jpg,caption_word_only__01210-4273167__CTO-13-06-g-006.jpg,panel_word,"Ultrasound scan of an atypical mycobacterial infection in the inferior pole of the left parotid gland (RF +…+), prior to surgical excision, in a 2-year-old girl (MSCM: sternocleidomastoid muscle; GLP:",758,522,0,
caption_word_only,images/relevant/03926-7835497__gr2.jpg,caption_word_only__03926-7835497__gr2.jpg,panel_word,Axial T2 and axial nonenhanced T1 fat sat demonstrating 2 separate cervices and vaginas. The right hemivagina is obstructed with internal blood products.,750,1203,1,
caption_word_only,images/relevant/07998-11883444__fonc-14-1497272-g003.jpg,caption_word_only__07998-11883444__fonc-14-1497272-g003.jpg,panel_word,X-ray image of right breast mass and axillary lymph nodes: The structure of the local glands in the upper quadrant of the right breast was slightly disordered with increased density; lymph node shadow,739,910,0,
caption_word_only,images/relevant/02781-6038675__BMRI2018-1569060.003.jpg,caption_word_only__02781-6038675__BMRI2018-1569060.003.jpg,panel_word,"Index lesion (red circle; right IEQ, 30 mm), already documented with mammography and ultrasound. MRI leads to the detection of contralateral disease, confirmed to US second look and biopsy (yellow cir",611,476,1,
caption_word_only,images/relevant/07740-11706118__EurJBreastHealth-21-74-figure-6.jpg,caption_word_only__07740-11706118__EurJBreastHealth-21-74-figure-6.jpg,panel_word,"Bilateral complete breast ultrasound with findings of abnormal right lymph node with 0.5 cm cortical thickening in the low right axilla 11 cm from nipple (left images), and abnormal left axillary lymp",744,448,1,
caption_word_only,images/relevant/09731-12780683__qims-16-01-56-f2.jpg,caption_word_only__09731-12780683__qims-16-01-56-f2.jpg,panel_word,"User-cropped ROIs. The upper panel shows the cropped tumor region; the lower panel shows the cropped axillary lymph node region. ROI, region of interest.",696,701,1,
caption_word_only,images/relevant/00961-3976087__2047-783X-19-14-2.jpg,caption_word_only__00961-3976087__2047-783X-19-14-2.jpg,panel_word,A 46-year-old woman with palpable masses in the left breast. A. Ultrasound demonstrates a pear-shaped complex echoic lesion with relatively indistinct margins. B. A hyperechoic area with abundant vess,600,812,1,
caption_word_only,images/relevant/01319-4411938__12957_2015_562_Fig2_HTML.jpg,caption_word_only__01319-4411938__12957_2015_562_Fig2_HTML.jpg,panel_word,Mammography showed a mass in the right breast. The left breast was normal.,358,467,0,
caption_word_only,images/relevant/03461-6838646__0256-4947.2019.236-fig2.jpg,caption_word_only__03461-6838646__0256-4947.2019.236-fig2.jpg,panel_word,An example of II (imaging interpretation) related cause of an interval breast cancer. A screening (on the left) and a one-year and a one-year follow-up (on the right) mammogram are shown. Retrospectiv,578,373,1,
caption_word_only,images/relevant/06401-10960524__cureus-0016-00000054678-i04.jpg,caption_word_only__06401-10960524__cureus-0016-00000054678-i04.jpg,panel_word,Left breast mammogram magnification of CC lateral view showing dense breast and diffuse calcifications.CC: craniocaudal,750,672,0,
caption_word_only,images/relevant/03814-7532239__13550_2020_712_Fig2_HTML.jpg,caption_word_only__03814-7532239__13550_2020_712_Fig2_HTML.jpg,panel_word,a A 67-year-old woman with right ovarian tumor. Axial T2-weighted PET/MR image shows a papillary solid part with FDG uptake invading the posterior uterine myometrium (arrow) in a polycystic right ovar,1592,1272,1,
caption_word_only,images/relevant/07985-11876229__12194_2024_874_Fig2_HTML.jpg,caption_word_only__07985-11876229__12194_2024_874_Fig2_HTML.jpg,panel_word,"Examples of cropped images. The upper row and the lower row represents full-field images and cropped images, respectively. The radiological findings, breast density, and the percentage of the area occ",708,501,1,
caption_word_only,images/relevant/00576-3235274__11657_2011_58_Fig2_HTML.jpg,caption_word_only__00576-3235274__11657_2011_58_Fig2_HTML.jpg,panel_word,Image selection for measurements. The sliced images containing the mental foramen parallel to the lower border of the mandible were selected,307,289,0,
caption_word_only,images/relevant/09381-12605550__11547_2025_2084_Fig1_HTML.jpg,caption_word_only__09381-12605550__11547_2025_2084_Fig1_HTML.jpg,panel_word,"a STIR, b T2WI VISTA, c DWI, d CE T1WI. 60-year-old cirrhotic patient with known bilateral breast enlargement and recent episode of tenderness and severe pain on the left side. Bilateral remarkable gy",749,529,1,
caption_word_only,images/relevant/05079-9829686__gr3.jpg,caption_word_only__05079-9829686__gr3.jpg,panel_word,"Patient 2- Mammogram showing spiculated densities in the upper outer quadrant of the right breast with parenchymal distortion, the largest measures 25 mm × 20 mm and multiple scattered microcalcificat",689,917,1,